IMAGE ,TRUE LABEL,18.04
num1.jpg,GBB9032P,
num2.jpg,SLB9944P,
num3.jpg,SLP8772B,
num4.jpg,SKH5906G,
num5.jpg,SLZ300E,REA
num6.jpg,SLG9325A,
num7.jpg,SLU7747,TLE
num8.jpg,SJY1928S,siyiesh
num9.jpg,SLF4095B,Sid40958
num10.jpg,SGK368Z,Sem
num11.jpg,SJN7561J,SJN7561J
num12.jpg,SHA7822Z,eepSTVEPZd
num13.jpg,SLG8804R,AIT
num14.jpg,SMA2887K,ieSTE
num15.jpg,SHC7520J,Gas
num16.jpg,SLL8936S,BST
num17.jpg,SKC8287R,SGa201
num18.jpg,SKE5353S,Iaxe0
num19.jpg,SLM3669R,My
num20.jpg,SJQ2807T,
num21.jpg,SLT3474Z,
num22.jpg,SLS7130U,an71300Se
num23.jpg,SLN2539J,aSMECH
num24.jpg,SKB9993J,Aa
num25.jpg,SKQ9052X,SURED
num26.jpg,SLQ6081U,
num27.jpg,SLJ8660Y,aEl
num28.jpg,SLZ5663A,G2Etse7
num29.jpg,SLK7442L,
num30.jpg,SHB4493D,
num31.jpg,GBF5143M,
num32.jpg,SLM4222P,SLM4222P
num33.jpg,SLX8550H,
